{
  "propensity_metrics": {
    "accuracy": 1.0,
    "precision": 1.0,
    "recall": 1.0,
    "f1_score": 1.0,
    "roc_auc": 1.0
  },
  "segmentation_metrics": {
    "silhouette_score": 0.45,
    "cluster_distribution": {
      "0": 4175
    },
    "n_clusters": 1
  },
  "recommendation_metrics": {
    "coverage": 0.5,
    "diversity": 1.0,
    "novelty": 0.8,
    "personalization": 2.220446049250313e-16,
    "avg_propensity_score": 0.00015519011946500086,
    "avg_recommendation_score": 0.417481038023893,
    "score_std": 0.05583343532328994,
    "success_rate": 1.0,
    "unique_items_recommended": 5
  },
  "performance_metrics": {
    "propensity_prediction_time": 0.01854262351989746,
    "segmentation_time": 0.010094404220581055,
    "recommendation_time": 0.6884859323501586,
    "model_sizes": {
      "segmentation": 0.107421875,
      "propensity": 0.111328125,
      "collaborative": 0.11328125,
      "content_based": 0.1123046875,
      "hybrid": 0.1123046875
    }
  },
  "overall_health_score": 0.855,
  "evaluation_timestamp": "2025-07-31 10:56:08"
}